Var1	n
GGACTT	105
GGCTTA	135
GGACTT	108
GGCTTA	138
GGACTT	111
GGCTTA	129
GGACTT	131
GGCTTA	146
GGACTT	106
GGCTTA	123
GGACTT	111
GGCTTA	136
GGACTT	133
GGCTTA	133
GGACTT	105
GGCTTA	135
GGACTT	110
GGCTTA	170
GGACTT	100
GGCTTA	144
GGACTT	107
GGCTTA	116
GGACTT	113
GGCTTA	137
GGACTT	103
GGCTTA	141
GGACTT	115
GGCTTA	118
GGACTT	112
GGCTTA	121
GGACTT	123
GGCTTA	123
GGACTT	103
GGCTTA	131
GGACTT	89
GGCTTA	114
GGACTT	102
GGCTTA	123
GGACTT	109
GGCTTA	115
GGACTT	80
GGCTTA	108
GGACTT	113
GGCTTA	120
GGACTT	111
GGCTTA	134
GGACTT	98
GGCTTA	132
GGACTT	86
GGCTTA	147
GGACTT	116
GGCTTA	134
GGACTT	120
GGCTTA	134
GGACTT	97
GGCTTA	133
GGACTT	93
GGCTTA	128
GGACTT	107
GGCTTA	127
GGACTT	122
GGCTTA	132
GGACTT	87
GGCTTA	116
GGACTT	94
GGCTTA	120
GGACTT	123
GGCTTA	139
GGACTT	95
GGCTTA	128
GGACTT	110
GGCTTA	117
GGACTT	113
GGCTTA	131
GGACTT	92
GGCTTA	117
GGACTT	117
GGCTTA	111
GGACTT	105
GGCTTA	127
GGACTT	126
GGCTTA	128
GGACTT	93
GGCTTA	128
GGACTT	101
GGCTTA	137
GGACTT	102
GGCTTA	137
GGACTT	96
GGCTTA	138
GGACTT	96
GGCTTA	115
GGACTT	88
GGCTTA	111
GGACTT	106
GGCTTA	121
GGACTT	89
GGCTTA	116
GGACTT	94
GGCTTA	122
GGACTT	99
GGCTTA	120
GGACTT	117
GGCTTA	138
GGACTT	98
GGCTTA	143
GGACTT	107
GGCTTA	136
GGACTT	122
GGCTTA	113
GGACTT	103
GGCTTA	133
GGACTT	102
GGCTTA	132
GGACTT	98
GGCTTA	122
GGACTT	120
GGCTTA	120
GGACTT	106
GGCTTA	139
GGACTT	102
GGCTTA	114
GGACTT	105
GGCTTA	124
GGACTT	109
GGCTTA	116
GGACTT	92
GGCTTA	122
GGACTT	108
GGCTTA	142
GGACTT	99
GGCTTA	138
GGACTT	97
GGCTTA	107
GGACTT	111
GGCTTA	136
GGACTT	113
GGCTTA	141
GGACTT	103
GGCTTA	144
GGACTT	116
GGCTTA	122
GGACTT	101
GGCTTA	132
GGACTT	134
GGCTTA	131
GGACTT	108
GGCTTA	123
GGACTT	107
GGCTTA	124
GGACTT	112
GGCTTA	120
GGACTT	121
GGCTTA	133
GGACTT	127
GGCTTA	131
GGACTT	97
GGCTTA	134
GGACTT	96
GGCTTA	125
GGACTT	122
GGCTTA	128
GGACTT	99
GGCTTA	114
GGACTT	104
GGCTTA	142
GGACTT	114
GGCTTA	109
GGACTT	113
GGCTTA	141
GGACTT	97
GGCTTA	135
GGACTT	105
GGCTTA	126
GGACTT	121
GGCTTA	124
GGACTT	96
GGCTTA	106
GGACTT	122
GGCTTA	118
GGACTT	96
GGCTTA	130
GGACTT	110
GGCTTA	126
GGACTT	104
GGCTTA	138
GGACTT	127
GGCTTA	130
GGACTT	108
GGCTTA	113
GGACTT	117
GGCTTA	120
GGACTT	110
GGCTTA	114
GGACTT	91
GGCTTA	114
GGACTT	110
GGCTTA	126
GGACTT	104
GGCTTA	122
GGACTT	109
GGCTTA	121
GGACTT	128
GGCTTA	137
GGACTT	128
GGCTTA	143
GGACTT	108
GGCTTA	152
GGACTT	98
GGCTTA	138
GGACTT	88
GGCTTA	124
GGACTT	102
GGCTTA	131
GGACTT	103
GGCTTA	156
GGACTT	116
GGCTTA	142
GGACTT	106
GGCTTA	148
GGACTT	106
GGCTTA	132
GGACTT	125
GGCTTA	119
GGACTT	107
GGCTTA	146
GGACTT	94
GGCTTA	130
GGACTT	93
GGCTTA	138
GGACTT	112
GGCTTA	143
GGACTT	108
GGCTTA	138
GGACTT	95
GGCTTA	133
GGACTT	111
GGCTTA	114
GGACTT	110
GGCTTA	149
GGACTT	103
GGCTTA	120
GGACTT	98
GGCTTA	104
GGACTT	105
GGCTTA	126
GGACTT	109
GGCTTA	126
GGACTT	99
GGCTTA	140
GGACTT	76
GGCTTA	124
GGACTT	101
GGCTTA	126
GGACTT	106
GGCTTA	128
GGACTT	99
GGCTTA	141
GGACTT	98
GGCTTA	136
GGACTT	130
GGCTTA	144
GGACTT	115
GGCTTA	116
GGACTT	115
GGCTTA	133
GGACTT	127
GGCTTA	139
GGACTT	106
GGCTTA	113
GGACTT	100
GGCTTA	146
GGACTT	111
GGCTTA	131
GGACTT	93
GGCTTA	139
GGACTT	92
GGCTTA	148
GGACTT	116
GGCTTA	142
GGACTT	118
GGCTTA	153
GGACTT	112
GGCTTA	147
GGACTT	103
GGCTTA	130
GGACTT	97
GGCTTA	116
GGACTT	109
GGCTTA	129
GGACTT	114
GGCTTA	132
GGACTT	104
GGCTTA	145
GGACTT	97
GGCTTA	121
GGACTT	111
GGCTTA	147
GGACTT	103
GGCTTA	127
GGACTT	118
GGCTTA	117
GGACTT	99
GGCTTA	132
GGACTT	106
GGCTTA	134
GGACTT	111
GGCTTA	123
GGACTT	120
GGCTTA	136
GGACTT	100
GGCTTA	110
GGACTT	100
GGCTTA	133
GGACTT	129
GGCTTA	124
GGACTT	119
GGCTTA	105
GGACTT	120
GGCTTA	119
GGACTT	103
GGCTTA	122
GGACTT	97
GGCTTA	133
GGACTT	109
GGCTTA	139
GGACTT	104
GGCTTA	133
GGACTT	123
GGCTTA	124
GGACTT	100
GGCTTA	131
GGACTT	96
GGCTTA	140
GGACTT	115
GGCTTA	134
GGACTT	110
GGCTTA	122
GGACTT	92
GGCTTA	133
GGACTT	104
GGCTTA	127
GGACTT	102
GGCTTA	136
GGACTT	113
GGCTTA	135
GGACTT	98
GGCTTA	118
GGACTT	124
GGCTTA	147
GGACTT	102
GGCTTA	116
GGACTT	112
GGCTTA	107
GGACTT	113
GGCTTA	141
GGACTT	96
GGCTTA	131
GGACTT	92
GGCTTA	121
GGACTT	124
GGCTTA	137
GGACTT	116
GGCTTA	121
GGACTT	93
GGCTTA	135
GGACTT	94
GGCTTA	123
GGACTT	107
GGCTTA	113
GGACTT	121
GGCTTA	113
GGACTT	124
GGCTTA	123
GGACTT	111
GGCTTA	144
GGACTT	123
GGCTTA	134
GGACTT	100
GGCTTA	147
GGACTT	117
GGCTTA	116
GGACTT	91
GGCTTA	126
GGACTT	104
GGCTTA	135
GGACTT	114
GGCTTA	140
GGACTT	108
GGCTTA	118
GGACTT	97
GGCTTA	143
GGACTT	93
GGCTTA	107
GGACTT	110
GGCTTA	138
GGACTT	116
GGCTTA	137
GGACTT	117
GGCTTA	112
GGACTT	111
GGCTTA	130
GGACTT	113
GGCTTA	127
GGACTT	70
GGCTTA	118
GGACTT	112
GGCTTA	124
GGACTT	117
GGCTTA	115
GGACTT	102
GGCTTA	136
GGACTT	88
GGCTTA	116
GGACTT	84
GGCTTA	103
GGACTT	115
GGCTTA	148
GGACTT	112
GGCTTA	151
GGACTT	108
GGCTTA	132
GGACTT	94
GGCTTA	136
GGACTT	105
GGCTTA	116
GGACTT	90
GGCTTA	135
GGACTT	113
GGCTTA	118
GGACTT	91
GGCTTA	131
GGACTT	115
GGCTTA	134
GGACTT	96
GGCTTA	101
GGACTT	103
GGCTTA	118
GGACTT	98
GGCTTA	110
GGACTT	116
GGCTTA	129
GGACTT	132
GGCTTA	119
GGACTT	104
GGCTTA	155
GGACTT	103
GGCTTA	128
GGACTT	116
GGCTTA	132
GGACTT	115
GGCTTA	135
GGACTT	106
GGCTTA	136
GGACTT	98
GGCTTA	102
GGACTT	98
GGCTTA	129
GGACTT	89
GGCTTA	123
GGACTT	115
GGCTTA	130
GGACTT	96
GGCTTA	142
GGACTT	113
GGCTTA	122
GGACTT	108
GGCTTA	107
GGACTT	123
GGCTTA	143
GGACTT	94
GGCTTA	136
GGACTT	88
GGCTTA	127
GGACTT	111
GGCTTA	105
GGACTT	119
GGCTTA	159
GGACTT	115
GGCTTA	112
GGACTT	124
GGCTTA	144
GGACTT	106
GGCTTA	113
GGACTT	103
GGCTTA	129
GGACTT	95
GGCTTA	130
GGACTT	82
GGCTTA	121
GGACTT	95
GGCTTA	134
GGACTT	116
GGCTTA	113
GGACTT	110
GGCTTA	119
GGACTT	98
GGCTTA	120
GGACTT	108
GGCTTA	128
GGACTT	118
GGCTTA	131
GGACTT	108
GGCTTA	120
GGACTT	114
GGCTTA	122
GGACTT	100
GGCTTA	125
GGACTT	98
GGCTTA	126
GGACTT	109
GGCTTA	152
GGACTT	99
GGCTTA	108
GGACTT	96
GGCTTA	136
GGACTT	128
GGCTTA	132
GGACTT	97
GGCTTA	130
GGACTT	100
GGCTTA	101
GGACTT	122
GGCTTA	114
GGACTT	119
GGCTTA	153
GGACTT	112
GGCTTA	131
GGACTT	102
GGCTTA	120
GGACTT	104
GGCTTA	123
GGACTT	112
GGCTTA	141
GGACTT	105
GGCTTA	117
GGACTT	116
GGCTTA	127
GGACTT	102
GGCTTA	152
GGACTT	120
GGCTTA	130
GGACTT	109
GGCTTA	141
GGACTT	98
GGCTTA	127
GGACTT	99
GGCTTA	141
GGACTT	114
GGCTTA	123
GGACTT	105
GGCTTA	125
GGACTT	116
GGCTTA	151
GGACTT	115
GGCTTA	140
GGACTT	110
GGCTTA	123
GGACTT	116
GGCTTA	138
GGACTT	118
GGCTTA	124
GGACTT	116
GGCTTA	135
GGACTT	118
GGCTTA	156
GGACTT	106
GGCTTA	105
GGACTT	98
GGCTTA	104
GGACTT	108
GGCTTA	125
GGACTT	123
GGCTTA	128
GGACTT	111
GGCTTA	156
GGACTT	109
GGCTTA	138
GGACTT	126
GGCTTA	120
GGACTT	115
GGCTTA	133
GGACTT	102
GGCTTA	131
GGACTT	85
GGCTTA	107
GGACTT	98
GGCTTA	132
GGACTT	115
GGCTTA	135
GGACTT	112
GGCTTA	145
GGACTT	101
GGCTTA	122
GGACTT	118
GGCTTA	147
GGACTT	116
GGCTTA	115
GGACTT	87
GGCTTA	118
GGACTT	112
GGCTTA	127
GGACTT	103
GGCTTA	114
GGACTT	97
GGCTTA	125
GGACTT	94
GGCTTA	123
GGACTT	97
GGCTTA	126
GGACTT	110
GGCTTA	154
GGACTT	94
GGCTTA	119
GGACTT	105
GGCTTA	119
GGACTT	87
GGCTTA	113
GGACTT	125
GGCTTA	132
GGACTT	84
GGCTTA	123
GGACTT	114
GGCTTA	143
GGACTT	104
GGCTTA	122
GGACTT	102
GGCTTA	123
GGACTT	113
GGCTTA	122
GGACTT	109
GGCTTA	132
GGACTT	105
GGCTTA	127
GGACTT	99
GGCTTA	121
GGACTT	88
GGCTTA	131
GGACTT	124
GGCTTA	122
GGACTT	102
GGCTTA	122
GGACTT	110
GGCTTA	115
GGACTT	120
GGCTTA	131
GGACTT	97
GGCTTA	116
GGACTT	126
GGCTTA	155
GGACTT	126
GGCTTA	131
GGACTT	118
GGCTTA	135
GGACTT	117
GGCTTA	124
GGACTT	96
GGCTTA	161
GGACTT	103
GGCTTA	141
GGACTT	114
GGCTTA	125
GGACTT	108
GGCTTA	117
GGACTT	101
GGCTTA	129
GGACTT	102
GGCTTA	120
GGACTT	110
GGCTTA	130
GGACTT	121
GGCTTA	125
GGACTT	91
GGCTTA	104
GGACTT	109
GGCTTA	124
GGACTT	112
GGCTTA	134
GGACTT	111
GGCTTA	142
GGACTT	109
GGCTTA	136
GGACTT	94
GGCTTA	137
GGACTT	107
GGCTTA	116
GGACTT	99
GGCTTA	132
GGACTT	89
GGCTTA	127
GGACTT	103
GGCTTA	137
GGACTT	104
GGCTTA	134
GGACTT	111
GGCTTA	128
GGACTT	116
GGCTTA	126
GGACTT	100
GGCTTA	128
GGACTT	115
GGCTTA	151
GGACTT	101
GGCTTA	142
GGACTT	92
GGCTTA	145
GGACTT	113
GGCTTA	142
GGACTT	105
GGCTTA	133
GGACTT	107
GGCTTA	112
GGACTT	111
GGCTTA	127
GGACTT	137
GGCTTA	139
GGACTT	112
GGCTTA	130
GGACTT	93
GGCTTA	121
GGACTT	103
GGCTTA	107
GGACTT	115
GGCTTA	141
GGACTT	100
GGCTTA	109
GGACTT	111
GGCTTA	132
GGACTT	122
GGCTTA	135
GGACTT	95
GGCTTA	132
GGACTT	96
GGCTTA	143
GGACTT	119
GGCTTA	118
GGACTT	127
GGCTTA	128
GGACTT	98
GGCTTA	141
GGACTT	111
GGCTTA	140
GGACTT	115
GGCTTA	124
GGACTT	111
GGCTTA	129
GGACTT	106
GGCTTA	132
GGACTT	109
GGCTTA	146
GGACTT	109
GGCTTA	126
GGACTT	121
GGCTTA	139
GGACTT	84
GGCTTA	117
GGACTT	105
GGCTTA	127
GGACTT	111
GGCTTA	114
GGACTT	105
GGCTTA	118
GGACTT	107
GGCTTA	141
GGACTT	112
GGCTTA	118
GGACTT	129
GGCTTA	148
GGACTT	114
GGCTTA	112
GGACTT	116
GGCTTA	132
GGACTT	115
GGCTTA	134
GGACTT	102
GGCTTA	152
GGACTT	95
GGCTTA	126
GGACTT	107
GGCTTA	114
GGACTT	116
GGCTTA	158
GGACTT	95
GGCTTA	131
GGACTT	98
GGCTTA	116
GGACTT	114
GGCTTA	148
GGACTT	112
GGCTTA	129
GGACTT	113
GGCTTA	139
GGACTT	114
GGCTTA	151
GGACTT	100
GGCTTA	139
GGACTT	110
GGCTTA	124
GGACTT	109
GGCTTA	112
GGACTT	122
GGCTTA	120
GGACTT	138
GGCTTA	121
GGACTT	115
GGCTTA	132
GGACTT	97
GGCTTA	156
GGACTT	113
GGCTTA	106
GGACTT	106
GGCTTA	138
GGACTT	98
GGCTTA	114
GGACTT	84
GGCTTA	112
GGACTT	110
GGCTTA	135
GGACTT	105
GGCTTA	129
GGACTT	104
GGCTTA	117
GGACTT	118
GGCTTA	132
GGACTT	118
GGCTTA	122
GGACTT	98
GGCTTA	108
GGACTT	127
GGCTTA	137
GGACTT	112
GGCTTA	128
GGACTT	99
GGCTTA	142
GGACTT	105
GGCTTA	129
GGACTT	101
GGCTTA	138
GGACTT	103
GGCTTA	119
GGACTT	107
GGCTTA	135
GGACTT	129
GGCTTA	152
GGACTT	111
GGCTTA	136
GGACTT	109
GGCTTA	129
GGACTT	117
GGCTTA	119
GGACTT	87
GGCTTA	115
GGACTT	85
GGCTTA	148
GGACTT	86
GGCTTA	106
GGACTT	109
GGCTTA	124
GGACTT	109
GGCTTA	139
GGACTT	105
GGCTTA	159
GGACTT	123
GGCTTA	126
GGACTT	104
GGCTTA	149
GGACTT	103
GGCTTA	127
GGACTT	107
GGCTTA	117
GGACTT	106
GGCTTA	122
GGACTT	107
GGCTTA	133
GGACTT	100
GGCTTA	133
GGACTT	93
GGCTTA	103
GGACTT	105
GGCTTA	128
GGACTT	103
GGCTTA	136
GGACTT	105
GGCTTA	134
GGACTT	98
GGCTTA	133
GGACTT	102
GGCTTA	140
GGACTT	91
GGCTTA	129
GGACTT	123
GGCTTA	124
GGACTT	111
GGCTTA	125
GGACTT	92
GGCTTA	132
GGACTT	110
GGCTTA	141
GGACTT	81
GGCTTA	130
GGACTT	93
GGCTTA	104
GGACTT	105
GGCTTA	132
GGACTT	106
GGCTTA	112
GGACTT	112
GGCTTA	132
GGACTT	105
GGCTTA	131
GGACTT	105
GGCTTA	137
GGACTT	119
GGCTTA	132
GGACTT	110
GGCTTA	149
GGACTT	125
GGCTTA	143
GGACTT	123
GGCTTA	146
GGACTT	131
GGCTTA	132
GGACTT	98
GGCTTA	142
GGACTT	104
GGCTTA	152
GGACTT	86
GGCTTA	127
GGACTT	113
GGCTTA	121
GGACTT	110
GGCTTA	143
GGACTT	109
GGCTTA	124
GGACTT	121
GGCTTA	150
GGACTT	111
GGCTTA	117
GGACTT	114
GGCTTA	132
GGACTT	82
GGCTTA	133
GGACTT	112
GGCTTA	137
GGACTT	83
GGCTTA	132
GGACTT	107
GGCTTA	118
GGACTT	116
GGCTTA	142
GGACTT	99
GGCTTA	150
GGACTT	106
GGCTTA	111
GGACTT	82
GGCTTA	125
GGACTT	93
GGCTTA	134
GGACTT	109
GGCTTA	110
GGACTT	93
GGCTTA	111
GGACTT	100
GGCTTA	113
GGACTT	101
GGCTTA	123
GGACTT	110
GGCTTA	132
GGACTT	108
GGCTTA	128
GGACTT	109
GGCTTA	118
GGACTT	98
GGCTTA	132
GGACTT	106
GGCTTA	125
GGACTT	117
GGCTTA	138
GGACTT	107
GGCTTA	138
GGACTT	108
GGCTTA	131
GGACTT	124
GGCTTA	148
GGACTT	115
GGCTTA	129
GGACTT	111
GGCTTA	138
GGACTT	139
GGCTTA	131
GGACTT	130
GGCTTA	145
GGACTT	107
GGCTTA	132
GGACTT	106
GGCTTA	122
GGACTT	118
GGCTTA	137
GGACTT	117
GGCTTA	132
GGACTT	110
GGCTTA	127
GGACTT	136
GGCTTA	137
GGACTT	109
GGCTTA	122
GGACTT	105
GGCTTA	132
GGACTT	96
GGCTTA	105
GGACTT	104
GGCTTA	133
GGACTT	110
GGCTTA	140
GGACTT	90
GGCTTA	133
GGACTT	99
GGCTTA	113
GGACTT	113
GGCTTA	125
GGACTT	101
GGCTTA	135
GGACTT	113
GGCTTA	121
GGACTT	112
GGCTTA	145
GGACTT	88
GGCTTA	130
GGACTT	119
GGCTTA	136
GGACTT	100
GGCTTA	136
GGACTT	95
GGCTTA	130
GGACTT	116
GGCTTA	127
GGACTT	92
GGCTTA	138
GGACTT	106
GGCTTA	107
GGACTT	129
GGCTTA	146
GGACTT	113
GGCTTA	121
GGACTT	126
GGCTTA	124
GGACTT	95
GGCTTA	108
GGACTT	106
GGCTTA	115
GGACTT	107
GGCTTA	140
GGACTT	93
GGCTTA	127
GGACTT	103
GGCTTA	126
GGACTT	109
GGCTTA	113
GGACTT	120
GGCTTA	129
GGACTT	110
GGCTTA	118
GGACTT	96
GGCTTA	121
GGACTT	113
GGCTTA	132
GGACTT	109
GGCTTA	128
GGACTT	113
GGCTTA	149
GGACTT	111
GGCTTA	101
GGACTT	108
GGCTTA	132
GGACTT	111
GGCTTA	123
GGACTT	97
GGCTTA	129
GGACTT	124
GGCTTA	137
GGACTT	110
GGCTTA	125
GGACTT	103
GGCTTA	149
GGACTT	101
GGCTTA	143
GGACTT	108
GGCTTA	133
GGACTT	122
GGCTTA	130
GGACTT	112
GGCTTA	123
GGACTT	97
GGCTTA	139
GGACTT	104
GGCTTA	108
GGACTT	104
GGCTTA	117
GGACTT	110
GGCTTA	130
GGACTT	113
GGCTTA	145
GGACTT	103
GGCTTA	124
GGACTT	110
GGCTTA	148
GGACTT	114
GGCTTA	113
GGACTT	112
GGCTTA	121
GGACTT	94
GGCTTA	111
GGACTT	108
GGCTTA	151
GGACTT	114
GGCTTA	121
GGACTT	98
GGCTTA	121
GGACTT	105
GGCTTA	140
GGACTT	126
GGCTTA	141
GGACTT	120
GGCTTA	137
GGACTT	127
GGCTTA	162
GGACTT	94
GGCTTA	116
GGACTT	110
GGCTTA	126
GGACTT	109
GGCTTA	128
GGACTT	108
GGCTTA	126
GGACTT	114
GGCTTA	144
GGACTT	115
GGCTTA	139
GGACTT	119
GGCTTA	133
GGACTT	108
GGCTTA	130
GGACTT	109
GGCTTA	124
GGACTT	122
GGCTTA	137
GGACTT	95
GGCTTA	119
GGACTT	125
GGCTTA	141
GGACTT	98
GGCTTA	122
GGACTT	102
GGCTTA	123
GGACTT	97
GGCTTA	134
GGACTT	90
GGCTTA	113
GGACTT	103
GGCTTA	128
GGACTT	102
GGCTTA	115
GGACTT	106
GGCTTA	147
GGACTT	113
GGCTTA	129
GGACTT	116
GGCTTA	129
GGACTT	99
GGCTTA	140
GGACTT	104
GGCTTA	128
GGACTT	104
GGCTTA	154
GGACTT	109
GGCTTA	124
GGACTT	129
GGCTTA	129
GGACTT	121
GGCTTA	121
GGACTT	117
GGCTTA	138
GGACTT	121
GGCTTA	141
GGACTT	94
GGCTTA	144
GGACTT	119
GGCTTA	151
GGACTT	95
GGCTTA	106
GGACTT	116
GGCTTA	128
GGACTT	92
GGCTTA	125
GGACTT	106
GGCTTA	121
GGACTT	117
GGCTTA	152
GGACTT	115
GGCTTA	136
GGACTT	91
GGCTTA	131
GGACTT	99
GGCTTA	126
GGACTT	92
GGCTTA	136
GGACTT	112
GGCTTA	128
GGACTT	119
GGCTTA	134
GGACTT	118
GGCTTA	129
GGACTT	97
GGCTTA	129
GGACTT	95
GGCTTA	121
GGACTT	115
GGCTTA	136
GGACTT	120
GGCTTA	132
GGACTT	104
GGCTTA	125
GGACTT	113
GGCTTA	136
GGACTT	113
GGCTTA	124
GGACTT	90
GGCTTA	139
GGACTT	109
GGCTTA	155
GGACTT	103
GGCTTA	131
GGACTT	109
GGCTTA	162
GGACTT	110
GGCTTA	148
GGACTT	114
GGCTTA	115
GGACTT	105
GGCTTA	119
GGACTT	88
GGCTTA	133
GGACTT	125
GGCTTA	132
GGACTT	100
GGCTTA	122
GGACTT	116
GGCTTA	141
GGACTT	130
GGCTTA	126
GGACTT	104
GGCTTA	138
GGACTT	101
GGCTTA	132
GGACTT	110
GGCTTA	120
GGACTT	107
GGCTTA	133
GGACTT	104
GGCTTA	118
GGACTT	97
GGCTTA	119
GGACTT	103
GGCTTA	116
GGACTT	95
GGCTTA	128
GGACTT	102
GGCTTA	124
GGACTT	117
GGCTTA	136
GGACTT	104
GGCTTA	117
GGACTT	112
GGCTTA	120
GGACTT	106
GGCTTA	123
GGACTT	110
GGCTTA	134
GGACTT	96
GGCTTA	124
GGACTT	113
GGCTTA	135
GGACTT	119
GGCTTA	130
GGACTT	107
GGCTTA	119
GGACTT	102
GGCTTA	124
GGACTT	132
GGCTTA	142
GGACTT	114
GGCTTA	142
GGACTT	92
GGCTTA	116
GGACTT	114
GGCTTA	125
GGACTT	94
GGCTTA	135
GGACTT	97
GGCTTA	109
GGACTT	100
GGCTTA	112
GGACTT	121
GGCTTA	137
GGACTT	110
GGCTTA	122
GGACTT	113
GGCTTA	138
GGACTT	119
GGCTTA	119
GGACTT	107
GGCTTA	130
GGACTT	133
GGCTTA	143
GGACTT	101
GGCTTA	134
GGACTT	119
GGCTTA	125
GGACTT	116
GGCTTA	147
GGACTT	102
GGCTTA	124
GGACTT	95
GGCTTA	112
GGACTT	103
GGCTTA	141
GGACTT	106
GGCTTA	133
GGACTT	105
GGCTTA	133
GGACTT	112
GGCTTA	132
GGACTT	107
GGCTTA	140
GGACTT	106
GGCTTA	130
GGACTT	109
GGCTTA	130
GGACTT	125
GGCTTA	142
GGACTT	122
GGCTTA	141
GGACTT	105
GGCTTA	131
GGACTT	97
GGCTTA	135
GGACTT	95
GGCTTA	129
GGACTT	107
GGCTTA	140
GGACTT	113
GGCTTA	135
GGACTT	94
GGCTTA	119
GGACTT	95
GGCTTA	119
GGACTT	98
GGCTTA	131
GGACTT	124
GGCTTA	136
GGACTT	107
GGCTTA	111
GGACTT	107
GGCTTA	129
GGACTT	107
GGCTTA	141
GGACTT	95
GGCTTA	143
GGACTT	93
GGCTTA	147
GGACTT	79
GGCTTA	112
GGACTT	123
GGCTTA	127
GGACTT	99
GGCTTA	146
GGACTT	101
GGCTTA	112
GGACTT	113
GGCTTA	122
GGACTT	120
GGCTTA	112
GGACTT	128
GGCTTA	136
GGACTT	111
GGCTTA	128
GGACTT	91
GGCTTA	120
GGACTT	121
GGCTTA	146
GGACTT	88
GGCTTA	141
GGACTT	119
GGCTTA	142
GGACTT	98
GGCTTA	127
GGACTT	114
GGCTTA	145
GGACTT	115
GGCTTA	118
GGACTT	107
GGCTTA	126
GGACTT	131
GGCTTA	154
GGACTT	137
GGCTTA	128
GGACTT	102
GGCTTA	130
GGACTT	93
GGCTTA	135
GGACTT	118
GGCTTA	169
GGACTT	104
GGCTTA	127
GGACTT	107
GGCTTA	115
GGACTT	133
GGCTTA	134
GGACTT	118
GGCTTA	128
GGACTT	109
GGCTTA	112
GGACTT	85
GGCTTA	100
GGACTT	104
GGCTTA	119
GGACTT	76
GGCTTA	128
GGACTT	124
GGCTTA	138
GGACTT	114
GGCTTA	119
GGACTT	113
GGCTTA	108
GGACTT	108
GGCTTA	133
GGACTT	96
GGCTTA	124
GGACTT	109
GGCTTA	125
GGACTT	98
GGCTTA	141
GGACTT	110
GGCTTA	115
GGACTT	101
GGCTTA	127
GGACTT	95
GGCTTA	147
GGACTT	113
GGCTTA	154
GGACTT	101
GGCTTA	114
GGACTT	101
GGCTTA	128
GGACTT	89
GGCTTA	127
GGACTT	86
GGCTTA	118
GGACTT	84
GGCTTA	128
GGACTT	106
GGCTTA	145
GGACTT	111
GGCTTA	136
GGACTT	90
GGCTTA	112
GGACTT	122
GGCTTA	115
GGACTT	100
GGCTTA	137
GGACTT	117
GGCTTA	132
GGACTT	121
GGCTTA	124
GGACTT	107
GGCTTA	137
GGACTT	108
GGCTTA	149
GGACTT	99
GGCTTA	119
GGACTT	106
GGCTTA	126
GGACTT	96
GGCTTA	116
GGACTT	104
GGCTTA	132
GGACTT	81
GGCTTA	115
GGACTT	106
GGCTTA	138
GGACTT	113
GGCTTA	163
GGACTT	110
GGCTTA	144
GGACTT	110
GGCTTA	124
GGACTT	113
GGCTTA	122
GGACTT	103
GGCTTA	134
GGACTT	117
GGCTTA	145
GGACTT	115
GGCTTA	121
GGACTT	112
GGCTTA	127
GGACTT	106
GGCTTA	159
GGACTT	124
GGCTTA	156
GGACTT	86
GGCTTA	127
GGACTT	103
GGCTTA	147
GGACTT	102
GGCTTA	125
GGACTT	121
GGCTTA	127
GGACTT	122
GGCTTA	124
GGACTT	101
GGCTTA	120
GGACTT	108
GGCTTA	127
GGACTT	96
GGCTTA	108
GGACTT	93
GGCTTA	130
GGACTT	108
GGCTTA	148
GGACTT	129
GGCTTA	132
GGACTT	107
GGCTTA	135
GGACTT	109
GGCTTA	129
GGACTT	96
GGCTTA	130
GGACTT	119
GGCTTA	132
GGACTT	117
GGCTTA	121
GGACTT	95
GGCTTA	117
GGACTT	108
GGCTTA	129
GGACTT	120
GGCTTA	117
GGACTT	114
GGCTTA	135
GGACTT	92
GGCTTA	119
GGACTT	84
GGCTTA	133
GGACTT	124
GGCTTA	110
GGACTT	109
GGCTTA	103
GGACTT	105
GGCTTA	127
GGACTT	112
GGCTTA	141
GGACTT	107
GGCTTA	134
GGACTT	99
GGCTTA	125
GGACTT	99
GGCTTA	142
GGACTT	109
GGCTTA	120
GGACTT	106
GGCTTA	147
GGACTT	136
GGCTTA	138
GGACTT	106
GGCTTA	145
GGACTT	96
GGCTTA	136
GGACTT	125
GGCTTA	123
GGACTT	98
GGCTTA	117
GGACTT	104
GGCTTA	144
GGACTT	113
GGCTTA	130
GGACTT	128
GGCTTA	115
GGACTT	121
GGCTTA	128
GGACTT	114
GGCTTA	111
GGACTT	118
GGCTTA	137
GGACTT	120
GGCTTA	152
GGACTT	91
GGCTTA	124
GGACTT	118
GGCTTA	148
GGACTT	101
GGCTTA	116
GGACTT	103
GGCTTA	132
GGACTT	113
GGCTTA	139
GGACTT	101
GGCTTA	119
GGACTT	116
GGCTTA	121
GGACTT	108
GGCTTA	131
GGACTT	130
GGCTTA	137
GGACTT	123
GGCTTA	133
GGACTT	119
GGCTTA	122
GGACTT	123
GGCTTA	125
GGACTT	114
GGCTTA	129
GGACTT	112
GGCTTA	127
GGACTT	107
GGCTTA	112
GGACTT	118
GGCTTA	131
GGACTT	117
GGCTTA	118
GGACTT	106
GGCTTA	123
GGACTT	97
GGCTTA	143
GGACTT	84
GGCTTA	106
GGACTT	109
GGCTTA	116
GGACTT	124
GGCTTA	138
GGACTT	114
GGCTTA	139
GGACTT	110
GGCTTA	129
GGACTT	98
GGCTTA	118
GGACTT	109
GGCTTA	122
GGACTT	122
GGCTTA	123
GGACTT	92
GGCTTA	118
GGACTT	94
GGCTTA	130
GGACTT	109
GGCTTA	133
GGACTT	123
GGCTTA	139
GGACTT	107
GGCTTA	140
GGACTT	90
GGCTTA	132
GGACTT	100
GGCTTA	128
GGACTT	112
GGCTTA	149
GGACTT	105
GGCTTA	135
GGACTT	112
GGCTTA	120
GGACTT	110
GGCTTA	124
GGACTT	112
GGCTTA	138
GGACTT	105
GGCTTA	131
GGACTT	100
GGCTTA	107
GGACTT	111
GGCTTA	139
GGACTT	120
GGCTTA	121
GGACTT	109
GGCTTA	127
GGACTT	89
GGCTTA	127
GGACTT	99
GGCTTA	132
GGACTT	120
GGCTTA	127
GGACTT	98
GGCTTA	142
GGACTT	104
GGCTTA	121
GGACTT	116
GGCTTA	130
GGACTT	115
GGCTTA	124
GGACTT	87
GGCTTA	124
GGACTT	114
GGCTTA	135
GGACTT	102
GGCTTA	110
GGACTT	125
GGCTTA	149
GGACTT	107
GGCTTA	124
GGACTT	102
GGCTTA	122
GGACTT	108
GGCTTA	132
GGACTT	116
GGCTTA	159
GGACTT	121
GGCTTA	137
GGACTT	106
GGCTTA	115
GGACTT	123
GGCTTA	129
GGACTT	120
GGCTTA	153
GGACTT	107
GGCTTA	130
GGACTT	128
GGCTTA	161
GGACTT	102
GGCTTA	134
GGACTT	86
GGCTTA	125
GGACTT	105
GGCTTA	139
GGACTT	115
GGCTTA	150
GGACTT	124
GGCTTA	127
GGACTT	114
GGCTTA	129
GGACTT	108
GGCTTA	128
GGACTT	111
GGCTTA	124
GGACTT	92
GGCTTA	122
GGACTT	113
GGCTTA	144
GGACTT	100
GGCTTA	137
GGACTT	114
GGCTTA	132
GGACTT	101
GGCTTA	123
GGACTT	111
GGCTTA	102
GGACTT	119
GGCTTA	110
GGACTT	109
GGCTTA	126
GGACTT	102
GGCTTA	110
GGACTT	142
GGCTTA	138
GGACTT	118
GGCTTA	147
GGACTT	111
GGCTTA	129
GGACTT	99
GGCTTA	139
GGACTT	97
GGCTTA	128
GGACTT	111
GGCTTA	120
GGACTT	118
GGCTTA	118
GGACTT	124
GGCTTA	135
GGACTT	90
GGCTTA	115
GGACTT	113
GGCTTA	123
GGACTT	99
GGCTTA	134
GGACTT	106
GGCTTA	100
GGACTT	109
GGCTTA	129
GGACTT	101
GGCTTA	126
GGACTT	115
GGCTTA	151
GGACTT	109
GGCTTA	130
GGACTT	111
GGCTTA	131
GGACTT	107
GGCTTA	129
GGACTT	100
GGCTTA	121
GGACTT	121
GGCTTA	129
GGACTT	117
GGCTTA	131
GGACTT	91
GGCTTA	101
GGACTT	126
GGCTTA	139
GGACTT	124
GGCTTA	132
GGACTT	118
GGCTTA	112
GGACTT	102
GGCTTA	102
GGACTT	117
GGCTTA	163
GGACTT	118
GGCTTA	153
GGACTT	121
GGCTTA	137
GGACTT	103
GGCTTA	124
GGACTT	98
GGCTTA	119
GGACTT	98
GGCTTA	120
GGACTT	104
GGCTTA	131
GGACTT	130
GGCTTA	108
GGACTT	96
GGCTTA	116
GGACTT	104
GGCTTA	125
GGACTT	111
GGCTTA	133
GGACTT	95
GGCTTA	135
GGACTT	125
GGCTTA	126
GGACTT	126
GGCTTA	140
GGACTT	103
GGCTTA	114
GGACTT	86
GGCTTA	135
GGACTT	95
GGCTTA	106
GGACTT	111
GGCTTA	114
GGACTT	82
GGCTTA	106
GGACTT	96
GGCTTA	119
GGACTT	107
GGCTTA	119
GGACTT	106
GGCTTA	121
GGACTT	114
GGCTTA	131
GGACTT	115
GGCTTA	146
GGACTT	96
GGCTTA	111
GGACTT	108
GGCTTA	128
GGACTT	99
GGCTTA	131
GGACTT	113
GGCTTA	147
GGACTT	105
GGCTTA	147
GGACTT	95
GGCTTA	120
GGACTT	104
GGCTTA	144
GGACTT	104
GGCTTA	131
GGACTT	117
GGCTTA	121
GGACTT	97
GGCTTA	125
GGACTT	113
GGCTTA	139
GGACTT	117
GGCTTA	162
GGACTT	99
GGCTTA	133
GGACTT	106
GGCTTA	117
GGACTT	113
GGCTTA	126
GGACTT	117
GGCTTA	109
GGACTT	105
GGCTTA	134
GGACTT	104
GGCTTA	126
GGACTT	117
GGCTTA	128
GGACTT	101
GGCTTA	114
GGACTT	146
GGCTTA	143
GGACTT	99
GGCTTA	144
GGACTT	133
GGCTTA	130
GGACTT	122
GGCTTA	132
GGACTT	106
GGCTTA	137
GGACTT	104
GGCTTA	140
GGACTT	96
GGCTTA	125
GGACTT	123
GGCTTA	113
GGACTT	104
GGCTTA	125
GGACTT	101
GGCTTA	146
GGACTT	123
GGCTTA	126
GGACTT	94
GGCTTA	136
GGACTT	106
GGCTTA	146
GGACTT	94
GGCTTA	140
GGACTT	124
GGCTTA	129
GGACTT	116
GGCTTA	131
GGACTT	110
GGCTTA	129
GGACTT	99
GGCTTA	131
GGACTT	82
GGCTTA	120
GGACTT	97
GGCTTA	136
GGACTT	109
GGCTTA	123
GGACTT	107
GGCTTA	110
GGACTT	96
GGCTTA	130
GGACTT	105
GGCTTA	116
GGACTT	119
GGCTTA	137
GGACTT	108
GGCTTA	135
GGACTT	108
GGCTTA	145
GGACTT	110
GGCTTA	119
GGACTT	105
GGCTTA	106
GGACTT	117
GGCTTA	129
GGACTT	133
GGCTTA	137
GGACTT	116
GGCTTA	138
GGACTT	111
GGCTTA	128
GGACTT	127
GGCTTA	147
GGACTT	112
GGCTTA	119
GGACTT	109
GGCTTA	135
GGACTT	96
GGCTTA	118
GGACTT	116
GGCTTA	120
GGACTT	100
GGCTTA	127
GGACTT	99
GGCTTA	127
GGACTT	91
GGCTTA	121
GGACTT	111
GGCTTA	131
GGACTT	109
GGCTTA	130
GGACTT	95
GGCTTA	132
GGACTT	97
GGCTTA	139
GGACTT	118
GGCTTA	125
GGACTT	121
GGCTTA	125
GGACTT	97
GGCTTA	119
GGACTT	130
GGCTTA	116
GGACTT	124
GGCTTA	134
